radius,texture,perimeter,area,smoothness,compactness,symmetry,fractal_dimension,tissue_Mammary tissue,tissue_Prostatic tissue,diagnosis_result_B,diagnosis_result_M
10635.0,10635.0,10635.0,10635.0,10635.0,10635.0,10635.0,10635.0,10635.0,10635.0,10635.0,10635.0
15.877082829531687,18.96235057959155,94.43122556347177,688.3599332352672,0.0997862029666997,0.11572692370743991,0.18739878887335834,0.06369124357047841,0.5220498354489892,0.4779501645510108,0.505124588622473,0.49487541137752705
4.502932104580798,4.79029576486641,24.560182837847744,346.91514154329957,0.014586921113832094,0.057787634952546504,0.029694765797381492,0.007747063623461171,0.4995370542148856,0.4995370542148856,0.49999724561213077,0.49999724561213077
1.587564236891135,0.0,15.047336767722484,0.0,0.0414404376996248,0.0,0.0826378763391784,0.0338135391425139,0.0,0.0,0.0,0.0
12.428917855262913,15.79,76.34277632629005,436.9824299112624,0.0900053145766943,0.0738821229212812,0.16687443434237645,0.058516533586160296,0.0,0.0,0.0,0.0
15.37213237518067,19.012142812475396,91.1311161511628,612.6705775503768,0.0998996978224125,0.1088275320607698,0.1864076753763153,0.063557501672667,1.0,0.0,1.0,0.0
19.000820208831737,22.198673864469313,111.28325426440443,901.2403219232594,0.10969676564413211,0.15196251405054764,0.20724885722100644,0.0688375700255402,1.0,1.0,1.0,1.0
35.024819977079254,39.28,201.5468481789324,2501.0,0.1634,0.3454,0.304,0.09744,1.0,1.0,1.0,1.0
